[
  {
    "Circle": 1,
    "Flag": 1,
    "ID": 1,
    "Name": "Clumsy",
    "Reagents": [
      3963,
      3976
    ],
    "Timeout": 500,
    "Words": "Uus Jux",
    "Target": true
  },
  {
    "Circle": 1,
    "Flag": 0,
    "ID": 2,
    "Name": "Create Food",
    "Reagents": [
      3972,
      3973,
      3974
    ],
    "Timeout": 500,
    "Words": "In Mani Ylem",
    "Target": false
  },
  {
    "Circle": 1,
    "Flag": 1,
    "ID": 3,
    "Name": "Feeblemind",
    "Reagents": [
      3973,
      3976
    ],
    "Timeout": 500,
    "Words": "Rel Wis",
    "Target": true
  },
  {
    "Circle": 1,
    "Flag": 2,
    "ID": 4,
    "Name": "Heal",
    "Reagents": [
      3972,
      3973,
      3981
    ],
    "Timeout": 500,
    "Words": "In Mani",
    "Target": true
  },
  {
    "Circle": 1,
    "Flag": 1,
    "ID": 5,
    "Name": "Magic Arrow",
    "Reagents": [
      3980
    ],
    "Timeout": 500,
    "Words": "In Por Ylem",
    "Target": true
  },
  {
    "Circle": 1,
    "Flag": 2,
    "ID": 6,
    "Name": "Night Sight",
    "Reagents": [
      3980,
      3981
    ],
    "Timeout": 500,
    "Words": "In Lor",
    "Target": true
  },
  {
    "Circle": 1,
    "Flag": 2,
    "ID": 7,
    "Name": "Reactive Armor",
    "Reagents": [
      3972,
      3981,
      3980
    ],
    "Timeout": 500,
    "Words": "Flam Sanct",
    "Target": false
  },
  {
    "Circle": 1,
    "Flag": 1,
    "ID": 8,
    "Name": "Weaken",
    "Reagents": [
      3972,
      3976
    ],
    "Timeout": 500,
    "Words": "Des Mani",
    "Target": true
  },
  {
    "Circle": 2,
    "Flag": 2,
    "ID": 9,
    "Name": "Agility",
    "Reagents": [
      3963,
      3974
    ],
    "Timeout": 750,
    "Words": "Ex Uus",
    "Target": true
  },
  {
    "Circle": 2,
    "Flag": 2,
    "ID": 10,
    "Name": "Cunning",
    "Reagents": [
      3974,
      3976
    ],
    "Timeout": 750,
    "Words": "Uus Wis",
    "Target": true
  },
  {
    "Circle": 2,
    "Flag": 2,
    "ID": 11,
    "Name": "Cure",
    "Reagents": [
      3972,
      3973
    ],
    "Timeout": 750,
    "Words": "An Nox",
    "Target": true
  },
  {
    "Circle": 2,
    "Flag": 1,
    "ID": 12,
    "Name": "Harm",
    "Reagents": [
      3976,
      3981
    ],
    "Timeout": 750,
    "Words": "An Mani",
    "Target": true
  },
  {
    "Circle": 2,
    "Flag": 0,
    "ID": 13,
    "Name": "Magic Trap",
    "Reagents": [
      3972,
      3981,
      3980
    ],
    "Timeout": 750,
    "Words": "In Jux",
    "Target": true
  },
  {
    "Circle": 2,
    "Flag": 0,
    "ID": 14,
    "Name": "Magic Untrap",
    "Reagents": [
      3963,
      3980
    ],
    "Timeout": 750,
    "Words": "An Jux",
    "Target": true
  },
  {
    "Circle": 2,
    "Flag": 2,
    "ID": 15,
    "Name": "Protection",
    "Reagents": [
      3972,
      3973,
      3980
    ],
    "Timeout": 750,
    "Words": "Uus Sanct",
    "Target": false
  },
  {
    "Circle": 2,
    "Flag": 2,
    "ID": 16,
    "Name": "Strength",
    "Reagents": [
      3974,
      3976
    ],
    "Timeout": 750,
    "Words": "Uus Mani",
    "Target": true
  },
  {
    "Circle": 3,
    "Flag": 2,
    "ID": 17,
    "Name": "Bless",
    "Reagents": [
      3972,
      3974
    ],
    "Timeout": 1000,
    "Words": "Rel Sanct",
    "Target": true
  },
  {
    "Circle": 3,
    "Flag": 1,
    "ID": 18,
    "Name": "Fireball",
    "Reagents": [
      3962
    ],
    "Timeout": 1000,
    "Words": "Vas Flam",
    "Target": true
  },
  {
    "Circle": 3,
    "Flag": 0,
    "ID": 19,
    "Name": "Magic Lock",
    "Reagents": [
      3972,
      3963,
      3980
    ],
    "Timeout": 1000,
    "Words": "An Por",
    "Target": true
  },
  {
    "Circle": 3,
    "Flag": 1,
    "ID": 20,
    "Name": "Poison",
    "Reagents": [
      3976
    ],
    "Timeout": 1000,
    "Words": "In Nox",
    "Target": true
  },
  {
    "Circle": 3,
    "Flag": 0,
    "ID": 21,
    "Name": "Telekinesis",
    "Reagents": [
      3963,
      3974
    ],
    "Timeout": 1000,
    "Words": "Ort Por Ylem",
    "Target": true
  },
  {
    "Circle": 3,
    "Flag": 0,
    "ID": 22,
    "Name": "Teleport",
    "Reagents": [
      3963,
      3974
    ],
    "Timeout": 1000,
    "Words": "Rel Por",
    "Target": true
  },
  {
    "Circle": 3,
    "Flag": 0,
    "ID": 23,
    "Name": "Unlock",
    "Reagents": [
      3963,
      3980
    ],
    "Timeout": 1000,
    "Words": "Ex Por",
    "Target": true
  },
  {
    "Circle": 3,
    "Flag": 0,
    "ID": 24,
    "Name": "Wall of Stone",
    "Reagents": [
      3963,
      3972
    ],
    "Timeout": 1000,
    "Words": "In Sanct Ylem",
    "Target": true
  },
  {
    "Circle": 4,
    "Flag": 2,
    "ID": 25,
    "Name": "Arch Cure",
    "Reagents": [
      3972,
      3973,
      3974
    ],
    "Timeout": 1250,
    "Words": "Vas An Nox",
    "Target": true
  },
  {
    "Circle": 4,
    "Flag": 2,
    "ID": 26,
    "Name": "Arch Protection",
    "Reagents": [
      3972,
      3973,
      3974,
      3980
    ],
    "Timeout": 1250,
    "Words": "Vas Uus Sanct",
    "Target": true
  },
  {
    "Circle": 4,
    "Flag": 1,
    "ID": 27,
    "Name": "Curse",
    "Reagents": [
      3976,
      3972,
      3980
    ],
    "Timeout": 1250,
    "Words": "Des Sanct",
    "Target": true
  },
  {
    "Circle": 4,
    "Flag": 0,
    "ID": 28,
    "Name": "Fire Field",
    "Reagents": [
      3962,
      3981,
      3980
    ],
    "Timeout": 1250,
    "Words": "In Flam Grav",
    "Target": true
  },
  {
    "Circle": 4,
    "Flag": 2,
    "ID": 29,
    "Name": "Greater Heal",
    "Reagents": [
      3972,
      3973,
      3974,
      3981
    ],
    "Timeout": 1250,
    "Words": "In Vas Mani",
    "Target": true
  },
  {
    "Circle": 4,
    "Flag": 1,
    "ID": 30,
    "Name": "Lightning",
    "Reagents": [
      3974,
      3980
    ],
    "Timeout": 1250,
    "Words": "Por Ort Grav",
    "Target": true
  },
  {
    "Circle": 4,
    "Flag": 1,
    "ID": 31,
    "Name": "Mana Drain",
    "Reagents": [
      3962,
      3974,
      3981
    ],
    "Timeout": 1250,
    "Words": "Ort Rel",
    "Target": true
  },
  {
    "Circle": 4,
    "Flag": 0,
    "ID": 32,
    "Name": "Recall",
    "Reagents": [
      3962,
      3963,
      3974
    ],
    "Timeout": 1250,
    "Words": "Kal Ort Por",
    "Target": true
  },
  {
    "Circle": 5,
    "Flag": 0,
    "ID": 33,
    "Name": "Blade Spirits",
    "Reagents": [
      3962,
      3974,
      3976
    ],
    "Timeout": 1500,
    "Words": "In Jux Hur Ylem",
    "Target": true
  },
  {
    "Circle": 5,
    "Flag": 0,
    "ID": 34,
    "Name": "Dispel Field",
    "Reagents": [
      3962,
      3981,
      3980,
      3972
    ],
    "Timeout": 1500,
    "Words": "An Grav",
    "Target": true
  },
  {
    "Circle": 5,
    "Flag": 0,
    "ID": 35,
    "Name": "Incognito",
    "Reagents": [
      3963,
      3972,
      3976
    ],
    "Timeout": 1500,
    "Words": "Kal In Ex",
    "Target": false
  },
  {
    "Circle": 5,
    "Flag": 2,
    "ID": 36,
    "Name": "Magic Reflection",
    "Reagents": [
      3972,
      3974,
      3981
    ],
    "Timeout": 1500,
    "Words": "In Jux Sanct",
    "Target": false
  },
  {
    "Circle": 5,
    "Flag": 1,
    "ID": 37,
    "Name": "Mind Blast",
    "Reagents": [
      3962,
      3974,
      3976,
      3980
    ],
    "Timeout": 1500,
    "Words": "Por Corp Wis",
    "Target": true
  },
  {
    "Circle": 5,
    "Flag": 1,
    "ID": 38,
    "Name": "Paralyze",
    "Reagents": [
      3972,
      3974,
      3981
    ],
    "Timeout": 1500,
    "Words": "An Ex Por",
    "Target": true
  },
  {
    "Circle": 5,
    "Flag": 0,
    "ID": 39,
    "Name": "Poison Field",
    "Reagents": [
      3962,
      3976,
      3981
    ],
    "Timeout": 1500,
    "Words": "In Nox Grav",
    "Target": true
  },
  {
    "Circle": 5,
    "Flag": 0,
    "ID": 40,
    "Name": "Summon Creature",
    "Reagents": [
      3963,
      3974,
      3981
    ],
    "Timeout": 1500,
    "Words": "Kal Xen",
    "Target": false
  },
  {
    "Circle": 6,
    "Flag": 0,
    "ID": 41,
    "Name": "Dispel",
    "Reagents": [
      3972,
      3974,
      3980
    ],
    "Timeout": 1750,
    "Words": "An Ort",
    "Target": true
  },
  {
    "Circle": 6,
    "Flag": 1,
    "ID": 42,
    "Name": "Energy Bolt",
    "Reagents": [
      3962,
      3976
    ],
    "Timeout": 1750,
    "Words": "Corp Por",
    "Target": true
  },
  {
    "Circle": 6,
    "Flag": 1,
    "ID": 43,
    "Name": "Explosion",
    "Reagents": [
      3963,
      3974
    ],
    "Timeout": 1750,
    "Words": "Vas Ort Flam",
    "Target": true
  },
  {
    "Circle": 6,
    "Flag": 2,
    "ID": 44,
    "Name": "Invisibility",
    "Reagents": [
      3963,
      3976
    ],
    "Timeout": 1750,
    "Words": "An Lor Xen",
    "Target": true
  },
  {
    "Circle": 6,
    "Flag": 0,
    "ID": 45,
    "Name": "Mark",
    "Reagents": [
      3962,
      3963,
      3974
    ],
    "Timeout": 1750,
    "Words": "Kal Por Ylem",
    "Target": true
  },
  {
    "Circle": 6,
    "Flag": 1,
    "ID": 46,
    "Name": "Mass Curse",
    "Reagents": [
      3972,
      3976,
      3974,
      3980
    ],
    "Timeout": 1750,
    "Words": "Vas Des Sanct",
    "Target": true
  },
  {
    "Circle": 6,
    "Flag": 0,
    "ID": 47,
    "Name": "Paralyze Field",
    "Reagents": [
      3962,
      3973,
      3981
    ],
    "Timeout": 1750,
    "Words": "In Ex Grav",
    "Target": true
  },
  {
    "Circle": 6,
    "Flag": 0,
    "ID": 48,
    "Name": "Reveal",
    "Reagents": [
      3963,
      3980
    ],
    "Timeout": 1750,
    "Words": "Wis Quas",
    "Target": true
  },
  {
    "Circle": 7,
    "Flag": 1,
    "ID": 49,
    "Name": "Chain Lightning",
    "Reagents": [
      3962,
      3963,
      3974,
      3980
    ],
    "Timeout": 2000,
    "Words": "Vas Ort Grav",
    "Target": true
  },
  {
    "Circle": 7,
    "Flag": 0,
    "ID": 50,
    "Name": "Energy Field",
    "Reagents": [
      3962,
      3974,
      3981,
      3980
    ],
    "Timeout": 2000,
    "Words": "In Sanct Grav",
    "Target": true
  },
  {
    "Circle": 7,
    "Flag": 1,
    "ID": 51,
    "Name": "Flame Strike",
    "Reagents": [
      3981,
      3980
    ],
    "Timeout": 2000,
    "Words": "Kal Vas Flam",
    "Target": true
  },
  {
    "Circle": 7,
    "Flag": 0,
    "ID": 52,
    "Name": "Gate Travel",
    "Reagents": [
      3962,
      3974,
      3980
    ],
    "Timeout": 2000,
    "Words": "Vas Rel Por",
    "Target": true
  },
  {
    "Circle": 7,
    "Flag": 1,
    "ID": 53,
    "Name": "Mana Vampire",
    "Reagents": [
      3962,
      3963,
      3974,
      3981
    ],
    "Timeout": 2000,
    "Words": "Ort Sanct",
    "Target": true
  },
  {
    "Circle": 7,
    "Flag": 0,
    "ID": 54,
    "Name": "Mass Dispel",
    "Reagents": [
      3972,
      3974,
      3962,
      3980
    ],
    "Timeout": 2000,
    "Words": "Vas An Ort",
    "Target": true
  },
  {
    "Circle": 7,
    "Flag": 1,
    "ID": 55,
    "Name": "Meteor Swarm",
    "Reagents": [
      3963,
      3974,
      3980,
      3981
    ],
    "Timeout": 2000,
    "Words": "Flam Kal Des Ylem",
    "Target": true
  },
  {
    "Circle": 7,
    "Flag": 0,
    "ID": 56,
    "Name": "Polymorph",
    "Reagents": [
      3963,
      3981,
      3974
    ],
    "Timeout": 2000,
    "Words": "Vas Ylem Rel",
    "Target": false
  },
  {
    "Circle": 8,
    "Flag": 1,
    "ID": 57,
    "Name": "Earthquake",
    "Reagents": [
      3963,
      3973,
      3974,
      3980
    ],
    "Timeout": 2250,
    "Words": "In Vas Por",
    "Target": false
  },
  {
    "Circle": 8,
    "Flag": 0,
    "ID": 58,
    "Name": "Energy Vortex",
    "Reagents": [
      3963,
      3962,
      3974,
      3976
    ],
    "Timeout": 2250,
    "Words": "Vas Corp Por",
    "Target": true
  },
  {
    "Circle": 8,
    "Flag": 2,
    "ID": 59,
    "Name": "Resurrection",
    "Reagents": [
      3963,
      3972,
      3973
    ],
    "Timeout": 2250,
    "Words": "An Corp",
    "Target": true
  },
  {
    "Circle": 8,
    "Flag": 0,
    "ID": 60,
    "Name": "Summon Air Elemental",
    "Reagents": [
      3963,
      3974,
      3981
    ],
    "Timeout": 2250,
    "Words": "Kal Vas Xen Hur",
    "Target": false
  },
  {
    "Circle": 8,
    "Flag": 0,
    "ID": 61,
    "Name": "Summon Daemon",
    "Reagents": [
      3963,
      3974,
      3981,
      3980
    ],
    "Timeout": 2250,
    "Words": "Kal Vas Xen Corp",
    "Target": false
  },
  {
    "Circle": 8,
    "Flag": 0,
    "ID": 62,
    "Name": "Summon Earth Elemental",
    "Reagents": [
      3963,
      3974,
      3981
    ],
    "Timeout": 2250,
    "Words": "Kal Vas Xen Ylem",
    "Target": false
  },
  {
    "Circle": 8,
    "Flag": 0,
    "ID": 63,
    "Name": "Summon Fire Elemental",
    "Reagents": [
      3963,
      3974,
      3981,
      3980
    ],
    "Timeout": 2250,
    "Words": "Kal Vas Xen Flam",
    "Target": false
  },
  {
    "Circle": 8,
    "Flag": 0,
    "ID": 64,
    "Name": "Summon Water Elemental",
    "Reagents": [
      3963,
      3974,
      3981
    ],
    "Timeout": 2250,
    "Words": "Kal Vas Xen An Flam",
    "Target": false
  },
  {
    "Circle": 10,
    "Flag": 0,
    "ID": 101,
    "Name": "Animate Dead",
    "Reagents": [
      3983,
      3965
    ],
    "Timeout": 1500,
    "Words": "Uus Corp",
    "Target": true
  },
  {
    "Circle": 10,
    "Flag": 1,
    "ID": 102,
    "Name": "Blood Oath",
    "Reagents": [
      3965
    ],
    "Timeout": 1500,
    "Words": "In Jux Mani Xen",
    "Target": true
  },
  {
    "Circle": 10,
    "Flag": 1,
    "ID": 103,
    "Name": "Corpse Skin",
    "Reagents": [
      3960,
      3983
    ],
    "Timeout": 1500,
    "Words": "In Agle Corp Ylem",
    "Target": true
  },
  {
    "Circle": 10,
    "Flag": 0,
    "ID": 104,
    "Name": "Curse Weapon",
    "Reagents": [
      3978
    ],
    "Timeout": 750,
    "Words": "An Sanct Gra Char",
    "Target": false
  },
  {
    "Circle": 10,
    "Flag": 1,
    "ID": 105,
    "Name": "Evil Omen",
    "Reagents": [
      3960,
      3982
    ],
    "Timeout": 750,
    "Words": "Pas Tym An Sanct",
    "Target": true
  },
  {
    "Circle": 10,
    "Flag": 0,
    "ID": 106,
    "Name": "Horrific Beast",
    "Reagents": [
      3960,
      3965
    ],
    "Timeout": 2000,
    "Words": "Rel Xen Vas Bal",
    "Target": false
  },
  {
    "Circle": 10,
    "Flag": 0,
    "ID": 107,
    "Name": "Lich Form",
    "Reagents": [
      3983,
      3965,
      3982
    ],
    "Timeout": 2000,
    "Words": "Rel Xen Corp Ort",
    "Target": false
  },
  {
    "Circle": 10,
    "Flag": 1,
    "ID": 108,
    "Name": "Mind Rot",
    "Reagents": [
      3960,
      3978,
      3965
    ],
    "Timeout": 1500,
    "Words": "Wis An Ben",
    "Target": true
  },
  {
    "Circle": 10,
    "Flag": 1,
    "ID": 109,
    "Name": "Pain Spike",
    "Reagents": [
      3983,
      3978
    ],
    "Timeout": 1000,
    "Words": "In Sar",
    "Target": true
  },
  {
    "Circle": 10,
    "Flag": 1,
    "ID": 110,
    "Name": "Poison Strike",
    "Reagents": [
      3982
    ],
    "Timeout": 1500,
    "Words": "In Vas Nox",
    "Target": true
  },
  {
    "Circle": 10,
    "Flag": 1,
    "ID": 111,
    "Name": "Strangle",
    "Reagents": [
      3965,
      3982
    ],
    "Timeout": 2000,
    "Words": "In Bal Nox",
    "Target": true
  },
  {
    "Circle": 10,
    "Flag": 0,
    "ID": 112,
    "Name": "Summon Familiar",
    "Reagents": [
      3960,
      3983,
      3965
    ],
    "Timeout": 2000,
    "Words": "Kal Xen Bal",
    "Target": false
  },
  {
    "Circle": 10,
    "Flag": 0,
    "ID": 113,
    "Name": "Vampiric Embrace",
    "Reagents": [
      3960,
      3982,
      3978
    ],
    "Timeout": 2000,
    "Words": "Rel Xen An Sanct",
    "Target": false
  },
  {
    "Circle": 10,
    "Flag": 1,
    "ID": 114,
    "Name": "Vengeful Spirit",
    "Reagents": [
      3960,
      3983,
      3978
    ],
    "Timeout": 2000,
    "Words": "Kal Xen Bal Beh",
    "Target": true
  },
  {
    "Circle": 10,
    "Flag": 1,
    "ID": 115,
    "Name": "Wither",
    "Reagents": [
      3982,
      3983,
      3978
    ],
    "Timeout": 1500,
    "Words": "Kal Vas An Flam",
    "Target": false
  },
  {
    "Circle": 10,
    "Flag": 0,
    "ID": 116,
    "Name": "Wraith Form",
    "Reagents": [
      3982,
      3978
    ],
    "Timeout": 2000,
    "Words": "Rel Xen Um",
    "Target": false
  },
  {
    "Circle": 10,
    "Flag": 0,
    "ID": 117,
    "Name": "Exorcism",
    "Reagents": [
      3982,
      3983
    ],
    "Timeout": 2000,
    "Words": "Ort Corp Grav",
    "Target": false
  },
  {
    "Circle": 20,
    "Flag": 2,
    "ID": 201,
    "Name": "Cleanse by Fire",
    "Reagents": [],
    "Timeout": 1000,
    "Words": "Expor Flamus",
    "Target": true
  },
  {
    "Circle": 20,
    "Flag": 2,
    "ID": 202,
    "Name": "Close Wounds",
    "Reagents": [],
    "Timeout": 1500,
    "Words": "Obsu Vulni",
    "Target": true
  },
  {
    "Circle": 20,
    "Flag": 0,
    "ID": 203,
    "Name": "Consecrate Weapon",
    "Reagents": [],
    "Timeout": 500,
    "Words": "Consecrus Arma",
    "Target": false
  },
  {
    "Circle": 20,
    "Flag": 0,
    "ID": 204,
    "Name": "Dispel Evil",
    "Reagents": [],
    "Timeout": 250,
    "Words": "Dispiro Malas",
    "Target": false
  },
  {
    "Circle": 20,
    "Flag": 0,
    "ID": 205,
    "Name": "Divine Fury",
    "Reagents": [],
    "Timeout": 1000,
    "Words": "Divinum Furis",
    "Target": false
  },
  {
    "Circle": 20,
    "Flag": 0,
    "ID": 206,
    "Name": "Enemy of One",
    "Reagents": [],
    "Timeout": 500,
    "Words": "Forul Solum",
    "Target": false
  },
  {
    "Circle": 20,
    "Flag": 1,
    "ID": 207,
    "Name": "Holy Light",
    "Reagents": [],
    "Timeout": 1750,
    "Words": "Augus Luminos",
    "Target": false
  },
  {
    "Circle": 20,
    "Flag": 2,
    "ID": 208,
    "Name": "Noble Sacrifice",
    "Reagents": [],
    "Timeout": 1500,
    "Words": "Dium Prostra",
    "Target": false
  },
  {
    "Circle": 20,
    "Flag": 2,
    "ID": 209,
    "Name": "Remove Curse",
    "Reagents": [],
    "Timeout": 1500,
    "Words": "Extermo Vomica",
    "Target": true
  },
  {
    "Circle": 20,
    "Flag": 0,
    "ID": 210,
    "Name": "Sacred Journey",
    "Reagents": [],
    "Timeout": 1500,
    "Words": "Sanctum Viatas",
    "Target": true
  },
  {
    "Circle": 30,
    "Flag": 1,
    "ID": 401,
    "Name": "Honorable Execution",
    "Reagents": [],
    "Timeout": -1,
    "Words": "",
    "Target": false
  },
  {
    "Circle": 30,
    "Flag": 2,
    "ID": 402,
    "Name": "Confidence",
    "Reagents": [],
    "Timeout": 250,
    "Words": "",
    "Target": false
  },
  {
    "Circle": 30,
    "Flag": 2,
    "ID": 403,
    "Name": "Evasion",
    "Reagents": [],
    "Timeout": 250,
    "Words": "",
    "Target": false
  },
  {
    "Circle": 30,
    "Flag": 1,
    "ID": 404,
    "Name": "Counter Attack",
    "Reagents": [],
    "Timeout": 250,
    "Words": "",
    "Target": false
  },
  {
    "Circle": 30,
    "Flag": 1,
    "ID": 405,
    "Name": "Lightning Strike",
    "Reagents": [],
    "Timeout": -1,
    "Words": "",
    "Target": false
  },
  {
    "Circle": 30,
    "Flag": 1,
    "ID": 406,
    "Name": "Momentum Strike",
    "Reagents": [],
    "Timeout": -1,
    "Words": "",
    "Target": false
  },
  {
    "Circle": 40,
    "Flag": 1,
    "ID": 501,
    "Name": "Focus Attack",
    "Reagents": [],
    "Timeout": -1,
    "Words": "",
    "Target": false
  },
  {
    "Circle": 40,
    "Flag": 1,
    "ID": 502,
    "Name": "Death Strike",
    "Reagents": [],
    "Timeout": -1,
    "Words": "",
    "Target": false
  },
  {
    "Circle": 40,
    "Flag": 2,
    "ID": 503,
    "Name": "Animal Form",
    "Reagents": [],
    "Timeout": 1000,
    "Words": "",
    "Target": false
  },
  {
    "Circle": 40,
    "Flag": 1,
    "ID": 504,
    "Name": "Ki Attack",
    "Reagents": [],
    "Timeout": -1,
    "Words": "",
    "Target": false
  },
  {
    "Circle": 40,
    "Flag": 1,
    "ID": 505,
    "Name": "Surprise Attack",
    "Reagents": [],
    "Timeout": -1,
    "Words": "",
    "Target": false
  },
  {
    "Circle": 40,
    "Flag": 1,
    "ID": 506,
    "Name": "Backstab",
    "Reagents": [],
    "Timeout": -1,
    "Words": "",
    "Target": false
  },
  {
    "Circle": 40,
    "Flag": 0,
    "ID": 507,
    "Name": "Shadowjump",
    "Reagents": [],
    "Timeout": 1000,
    "Words": "",
    "Target": true
  },
  {
    "Circle": 40,
    "Flag": 0,
    "ID": 508,
    "Name": "Mirror Image",
    "Reagents": [],
    "Timeout": 1500,
    "Words": "",
    "Target": false
  },
  {
    "Circle": 50,
    "Flag": 0,
    "ID": 601,
    "Name": "Arcane Circle",
    "Reagents": [],
    "Timeout": 500,
    "Words": "Myrshalee",
    "Target": false
  },
  {
    "Circle": 50,
    "Flag": 2,
    "ID": 602,
    "Name": "Gift of Renewal",
    "Reagents": [],
    "Timeout": 3000,
    "Words": "Olorisstra",
    "Target": true
  },
  {
    "Circle": 50,
    "Flag": 0,
    "ID": 603,
    "Name": "Immolating Weapon",
    "Reagents": [],
    "Timeout": 1000,
    "Words": "Thalshara",
    "Target": false
  },
  {
    "Circle": 50,
    "Flag": 1,
    "ID": 604,
    "Name": "Attunement",
    "Reagents": [],
    "Timeout": 1000,
    "Words": "Haeldril",
    "Target": false
  },
  {
    "Circle": 50,
    "Flag": 1,
    "ID": 605,
    "Name": "Thunderstorm",
    "Reagents": [],
    "Timeout": 1500,
    "Words": "Erelonia",
    "Target": false
  },
  {
    "Circle": 50,
    "Flag": 0,
    "ID": 606,
    "Name": "Nature's Fury",
    "Reagents": [],
    "Timeout": 1500,
    "Words": "Rauvvrae",
    "Target": true
  },
  {
    "Circle": 50,
    "Flag": 0,
    "ID": 607,
    "Name": "Summon Fey",
    "Reagents": [],
    "Timeout": 1500,
    "Words": "Alalithra",
    "Target": false
  },
  {
    "Circle": 50,
    "Flag": 0,
    "ID": 608,
    "Name": "Summon Fiend",
    "Reagents": [],
    "Timeout": 2000,
    "Words": "Nylisstra",
    "Target": false
  },
  {
    "Circle": 50,
    "Flag": 0,
    "ID": 609,
    "Name": "Reaper Form",
    "Reagents": [],
    "Timeout": 2500,
    "Words": "Tarisstree",
    "Target": false
  },
  {
    "Circle": 50,
    "Flag": 1,
    "ID": 610,
    "Name": "Wildfire",
    "Reagents": [],
    "Timeout": 2500,
    "Words": "Haelyn",
    "Target": true
  },
  {
    "Circle": 50,
    "Flag": 1,
    "ID": 611,
    "Name": "Essence of Wind",
    "Reagents": [],
    "Timeout": 3000,
    "Words": "Anathrae",
    "Target": false
  },
  {
    "Circle": 50,
    "Flag": 0,
    "ID": 612,
    "Name": "Dryad Allure",
    "Reagents": [],
    "Timeout": 3000,
    "Words": "Rathril",
    "Target": true
  },
  {
    "Circle": 50,
    "Flag": 0,
    "ID": 613,
    "Name": "Ethereal Voyage",
    "Reagents": [],
    "Timeout": 3500,
    "Words": "Orlavdra",
    "Target": false
  },
  {
    "Circle": 50,
    "Flag": 1,
    "ID": 614,
    "Name": "Word of Death",
    "Reagents": [],
    "Timeout": 3500,
    "Words": "Nyraxle",
    "Target": true
  },
  {
    "Circle": 50,
    "Flag": 2,
    "ID": 615,
    "Name": "Gift of Life",
    "Reagents": [],
    "Timeout": 4000,
    "Words": "Illorae",
    "Target": true
  },
  {
    "Circle": 50,
    "Flag": 2,
    "ID": 616,
    "Name": "Arcane Empowerment",
    "Reagents": [],
    "Timeout": 3000,
    "Words": "Aslavdra",
    "Target": false
  },
  {
    "Circle": 60,
    "Flag": 1,
    "ID": 678,
    "Name": "Nether Bolt",
    "Reagents": [
      3962,
      3980
    ],
    "Timeout": 1000,
    "Words": "In Corp Ylem",
    "Target": true
  },
  {
    "Circle": 60,
    "Flag": 0,
    "ID": 679,
    "Name": "Healing Stone",
    "Reagents": [
      3966,
      3972,
      3973,
      3981
    ],
    "Timeout": 5500,
    "Words": "Kal In Mani",
    "Target": false
  },
  {
    "Circle": 60,
    "Flag": 2,
    "ID": 680,
    "Name": "Purge Magic",
    "Reagents": [
      3972,
      3974,
      3980,
      3969
    ],
    "Timeout": 1500,
    "Words": "An Ort Sanct",
    "Target": true
  },
  {
    "Circle": 60,
    "Flag": 0,
    "ID": 681,
    "Name": "Enchant",
    "Reagents": [
      3981,
      3974,
      3980
    ],
    "Timeout": 750,
    "Words": "In Ort Ylem",
    "Target": false
  },
  {
    "Circle": 60,
    "Flag": 1,
    "ID": 682,
    "Name": "Sleep",
    "Reagents": [
      3963,
      3972,
      3980,
      16503
    ],
    "Timeout": 1750,
    "Words": "In Zu",
    "Target": true
  },
  {
    "Circle": 60,
    "Flag": 1,
    "ID": 683,
    "Name": "Eagle Strike",
    "Reagents": [
      3963,
      3966,
      3974,
      3981
    ],
    "Timeout": 1750,
    "Words": "Kal Por Xen",
    "Target": true
  },
  {
    "Circle": 60,
    "Flag": 0,
    "ID": 684,
    "Name": "Animated Weapon",
    "Reagents": [
      3962,
      3974,
      3976,
      3966
    ],
    "Timeout": 2000,
    "Words": "In Jux Por Ylem",
    "Target": true
  },
  {
    "Circle": 60,
    "Flag": 0,
    "ID": 685,
    "Name": "Stone Form",
    "Reagents": [
      3963,
      3969,
      3972
    ],
    "Timeout": 2000,
    "Words": "In Rel Ylem",
    "Target": false
  },
  {
    "Circle": 60,
    "Flag": 0,
    "ID": 686,
    "Name": "Spell Trigger",
    "Reagents": [
      3972,
      3974,
      3981,
      16503
    ],
    "Timeout": 5500,
    "Words": "In Vas Ort Ex",
    "Target": false
  },
  {
    "Circle": 60,
    "Flag": 1,
    "ID": 687,
    "Name": "Mass Sleep",
    "Reagents": [
      3974,
      3976,
      3980,
      3963
    ],
    "Timeout": 2000,
    "Words": "Vas Zu",
    "Target": true
  },
  {
    "Circle": 60,
    "Flag": 2,
    "ID": 688,
    "Name": "Cleansing Winds",
    "Reagents": [
      3972,
      3973,
      3974,
      16503
    ],
    "Timeout": 2000,
    "Words": "In Vas Mani Hur",
    "Target": true
  },
  {
    "Circle": 60,
    "Flag": 1,
    "ID": 689,
    "Name": "Bombard",
    "Reagents": [
      3963,
      3972,
      3980,
      16503
    ],
    "Timeout": 2750,
    "Words": "Corp Por Ylem",
    "Target": true
  },
  {
    "Circle": 60,
    "Flag": 1,
    "ID": 690,
    "Name": "Spell Plague",
    "Reagents": [
      3968,
      16503,
      3976,
      3980
    ],
    "Timeout": 2500,
    "Words": "Vas Rel Jux Ort",
    "Target": true
  },
  {
    "Circle": 60,
    "Flag": 1,
    "ID": 691,
    "Name": "Hail Storm",
    "Reagents": [
      3962,
      3963,
      3974,
      16503
    ],
    "Timeout": 2500,
    "Words": "Kal Des Ylem",
    "Target": true
  },
  {
    "Circle": 60,
    "Flag": 1,
    "ID": 692,
    "Name": "Nether Cyclone",
    "Reagents": [
      3962,
      3980
    ],
    "Timeout": 2750,
    "Words": "Grav Hur",
    "Target": true
  },
  {
    "Circle": 60,
    "Flag": 0,
    "ID": 693,
    "Name": "Rising Colossus",
    "Reagents": [
      3968,
      16503,
      3969,
      3976
    ],
    "Timeout": 2750,
    "Words": "Kal Vas Xen Corp Ylem",
    "Target": true
  }
]